set_no,cert_type,level,task_type,task_title,time_limit,scenario_content,sample_data,required_structure,forbidden_rules,ai_tool_allowed,rubric,max_score,model_answer,risk_criteria,benchmark_excellent,benchmark_normal,benchmark_borderline,benchmark_fail,ai_prompt_version,review_status,review_comment,version,created_by,created_date
1,AXIS,L1,part_a,AX 실행계획서,40,"당신은 직원 120명 규모의 중견 제조기업 ㈜가나테크의 경영기획팀장입니다. 대표이사가 ""생산관리·영업·총무 부서에 AI를 도입하여 업무 효율을 높이라""고 지시했습니다. 현재 AI를 업무에 활용하는 직원이 거의 없으며, 직원 평균 연령은 42세입니다. 아래 조건을 반영하여 AI 도입 실행계획서를 작성하세요.","부서별 인원: 생산관리 40명·영업 30명·총무 15명 | 반복 업무: 생산일보 작성(일 2시간)·영업 보고서(주 3시간)·총무 공문 처리(일 1.5시간) | 예산: 연 5,000만원 | 기간: 6개월 | 제약: 공장 근무자 PC 접근 제한",1.도입 배경·목표 2.대상 업무 분석(As-Is) 3.AI 활용 계획(To-Be) 4.ROI·KPI 5.단계별 일정(로드맵) 6.예산 배분 7.리스크·변화관리 8.성과 측정 방법,"개인정보 입력 금지, 외부 AI 사용 금지(LMS만), 타인 답안 참조 금지",LMS 내장 AI,"전략 논리성(15점): 도입 대상·우선순위·근거가 논리적인가? | ROI·KPI 설계(12점): 기대 효과를 정량화하고 측정 가능한 KPI를 설계했는가? | 실행 계획(10점): 단계별 일정·담당·산출물이 구체적인가? | AI 활용(8점): AI를 활용하여 계획서를 효율적으로 작성했는가? | 리스크·변화관리(8점): 리스크 식별·대응, 변화관리 전략이 포함되었는가? | 검증·완성도(7점): 수치 검증, 문서 완성도",60,"[프롬프트 예시] ""경영기획팀장으로서 제조기업 3개 부서 AI 도입 실행계획서를 작성해줘. 조건: 120명, 예산 5000만, 6개월..."" → [핵심] ①우선순위: 총무(리스크 낮음, Quick Win)→영업→생산관리 ②ROI: 총무 공문 1.5시간×20일=30시간/월 절감, 영업 보고 3시간×4주=12시간/월, 시간당 인건비 5만원 가정→총무 월 150만원+영업 60만원=연 2,520만원 절감 vs 투자 5,000만원→2년차 회수 ③KPI: 문서 작성 시간 30% 감소, 1차 승인률 80%+ ④로드맵: 1~2월 준비→3~4월 총무 파일럿→5월 영업 확산→6월 생산관리 ⑤리스크: 직원 저항(평균 42세)→단계 교육, PC 제한(공장)→모바일 대안 ⑥변화관리: AI 챔피언 부서별 1명, 성공 사례 공유회
[검증] ROI 수치 계산 정확성, 인원·시간·비용 데이터 일관성 확인.","허위 수치, 비현실적 ROI, 개인정보 포함","전 조건 반영, 정량 ROI+로드맵+리스크+변화관리 완비, 구조적 AI 활용, 수치 검증 (85~100점)","주요 조건 반영, 기본 ROI+로드맵, AI 활용, 일부 리스크 (65~80점)","조건 일부 누락, ROI 모호, 리스크 미흡 (55~65점)","조건 무시, ROI 없음, AI 미활용 (55점 미만)",,approved,세트1 제조기업,1,,
2,AXIS,L1,part_a,AX 실행계획서,40,"당신은 직원 200명 규모의 유통기업 ㈜나다마트의 DX추진팀장입니다. CEO가 ""고객서비스·마케팅·물류관리 부서에 AI를 도입하여 고객 만족도와 업무 효율을 높이라""고 지시했습니다. 현재 마케팅팀만 ChatGPT를 비공식 사용 중이며, 보안 정책이 없습니다.","부서별 인원: 고객서비스 50명·마케팅 25명·물류관리 30명 | 반복 업무: CS 응대 매뉴얼(일 1시간)·마케팅 콘텐츠(주 5시간)·물류 보고서(일 1시간) | 예산: 연 8,000만원 | 기간: 9개월 | 제약: 비공식 AI 사용 정책화 필요, 고객 개인정보 다수",1.도입 배경(비공식 사용 정책화 포함) 2.대상 업무 분석 3.AI 활용 계획 4.ROI·KPI 5.로드맵 6.예산 7.보안 정책 수립 8.리스크·변화관리 9.성과 측정,"개인정보 입력 금지, 외부 AI 사용 금지(LMS만), 타인 답안 참조 금지",LMS 내장 AI,"전략 논리성(15점): 도입 대상·우선순위·근거가 논리적인가? | ROI·KPI 설계(12점): 기대 효과를 정량화하고 측정 가능한 KPI를 설계했는가? | 실행 계획(10점): 단계별 일정·담당·산출물이 구체적인가? | AI 활용(8점): AI를 활용하여 계획서를 효율적으로 작성했는가? | 리스크·변화관리(8점): 리스크 식별·대응, 변화관리 전략이 포함되었는가? | 검증·완성도(7점): 수치 검증, 문서 완성도",60,"[AI 프롬프트 활용]
[핵심] ①긴급: 비공식 사용 정책화(보안 정책 수립) ②우선순위: 마케팅(이미 사용, 정책화)→CS(효과 큼)→물류 ③ROI: CS 1시간×50명×20일=1,000시간/월, 시간당 4만원→월 4,000만원 중 30% 절감=월 1,200만원 ④보안: 고객 개인정보 입력 금지 정책·승인 도구·교육 ⑤변화관리: 마케팅팀을 선도 부서로 활용
[검증] ROI 수치 계산 정확성, 인원·시간·비용 데이터 일관성 확인.","고객 개인정보 유출, 비현실적 ROI, 보안 정책 누락",비공식 사용 정책화+보안+정량 ROI+로드맵+변화관리 (85~100점),"주요 조건 반영, 기본 보안+ROI (65~80점)","보안 정책 누락, ROI 모호 (55~65점)","조건 무시, 보안·ROI 없음 (55점 미만)",,approved,세트2 유통기업,1,,
3,AXIS,L1,part_a,AX 실행계획서,40,"당신은 직원 80명 규모의 교육 서비스 기업 ㈜다라에듀의 운영팀장입니다. 대표가 ""교육개발·운영·영업지원 부서에 AI를 도입하여 교육 콘텐츠 제작과 운영 효율을 높이라""고 지시했습니다. 교육 콘텐츠의 정확성이 핵심이며, 저작권 이슈에 민감합니다.","부서별 인원: 교육개발 20명·운영 15명·영업지원 10명 | 반복 업무: 교육자료 초안(주 8시간)·수강생 문의 응대(일 2시간)·제안서 작성(주 4시간) | 예산: 연 4,000만원 | 기간: 6개월 | 제약: 콘텐츠 정확성 최우선, 저작권 검증 필수",1.도입 배경 2.업무 분석 3.AI 활용 계획(정확성·저작권 반영) 4.ROI·KPI 5.로드맵 6.예산 7.저작권·품질 관리 체계 8.리스크·변화관리,"개인정보 입력 금지, 외부 AI 사용 금지(LMS만), 타인 답안 참조 금지",LMS 내장 AI,"전략 논리성(15점): 도입 대상·우선순위·근거가 논리적인가? | ROI·KPI 설계(12점): 기대 효과를 정량화하고 측정 가능한 KPI를 설계했는가? | 실행 계획(10점): 단계별 일정·담당·산출물이 구체적인가? | AI 활용(8점): AI를 활용하여 계획서를 효율적으로 작성했는가? | 리스크·변화관리(8점): 리스크 식별·대응, 변화관리 전략이 포함되었는가? | 검증·완성도(7점): 수치 검증, 문서 완성도",60,"[AI 프롬프트 활용]
[핵심] ①정확성: AI 초안→전문가 검수→팩트체크 체계 ②저작권: AI 생성물 표절 검사·출처 확인 정책 ③우선순위: 영업지원(제안서, 저작권 리스크 낮음)→운영(문의 응대)→교육개발(정확성 검증 후) ④ROI: 교육자료 8시간×20명=160시간/주 중 50% AI 보조=80시간 절감 ⑤품질 게이트: 전문가 검수 필수","부정확한 교육 콘텐츠, 저작권 침해, 개인정보 포함",정확성·저작권 체계+정량 ROI+로드맵+품질 관리 (85~100점),"주요 조건 반영, 기본 정확성+ROI (65~80점)","정확성·저작권 누락, ROI 모호 (55~65점)","조건 무시, 품질 관리 없음 (55점 미만)",,approved,세트3 교육기업,1,,
4,AXIS,L1,part_a,AX 실행계획서,40,"당신은 직원 150명 규모의 금융 서비스 기업 ㈜라마캐피탈의 기획실장입니다. CFO가 ""심사·영업·준법감시 부서에 AI를 도입하되, 금융 규제와 보안을 철저히 준수하라""고 지시했습니다. 금융위원회 감사가 예정되어 있으며, 데이터 보안이 최우선입니다.","부서별 인원: 심사 25명·영업 40명·준법감시 10명 | 반복 업무: 심사 서류 검토 보조(일 3시간)·영업 보고서(주 4시간)·규정 모니터링 요약(일 2시간) | 예산: 연 1억원 | 기간: 12개월 | 제약: 금융 규제 준수 필수, 내부 AI 환경 우선, 감사 대응",1.도입 배경(규제 환경) 2.업무 분석 3.AI 활용(보안 최우선) 4.ROI·KPI 5.로드맵(12개월) 6.예산 7.규제·감사 대응 8.보안 체계 9.리스크·변화관리,"개인정보 입력 금지, 외부 AI 사용 금지(LMS만), 타인 답안 참조 금지",LMS 내장 AI,"전략 논리성(15점): 도입 대상·우선순위·근거가 논리적인가? | ROI·KPI 설계(12점): 기대 효과를 정량화하고 측정 가능한 KPI를 설계했는가? | 실행 계획(10점): 단계별 일정·담당·산출물이 구체적인가? | AI 활용(8점): AI를 활용하여 계획서를 효율적으로 작성했는가? | 리스크·변화관리(8점): 리스크 식별·대응, 변화관리 전략이 포함되었는가? | 검증·완성도(7점): 수치 검증, 문서 완성도",60,"[AI 프롬프트 활용]
[핵심] ①보안: 내부 AI 환경 우선, 외부 SaaS는 비민감 업무만 ②규제: 금융위 감사 대응 문서화·AI 활용 이력 관리 ③우선순위: 영업(보안 리스크 낮음)→준법(규정 요약, 보안 통제)→심사(고보안, 마지막) ④ROI: 영업 보고 4시간×40명/4=40시간/주 절감 ⑤감사: AI 정책·교육·활용 기록 체계적 관리
[검증] ROI 수치 계산 정확성, 인원·시간·비용 데이터 일관성 확인.","금융 데이터 유출, 규제 위반, 감사 대응 부재",보안·규제·감사+정량 ROI+12개월 로드맵 (85~100점),"주요 조건 반영, 기본 보안+ROI (65~80점)","보안·규제 누락, ROI 모호 (55~65점)","조건 무시, 보안 없음 (55점 미만)",,approved,세트4 금융기업,1,,
1,AXIS,L1,part_b,시나리오 서술형,20,"[문항1] 당신은 ㈜가나테크의 경영기획팀장입니다. CEO가 ""모든 부서에 AI를 동시 도입하라""고 지시했습니다. 전사 동시 도입과 시범 부서 우선 도입 중 어떤 전략을 선택할지, 근거와 함께 서술하세요. (15점)
[문항2] 시범 도입 3개월 후, 생산관리팀에서 ""AI가 우리 일을 뺏을 것""이라는 저항이 발생했습니다. 팀장으로서 어떻게 대응할지 구체적 조치를 서술하세요. (13점)
[문항3] 조직의 AI 사용 정책을 만들어야 합니다. 최소 포함 항목 5가지와 각 항목의 핵심 기준을 서술하세요. (12점)",,"문항별 서술 (총 3문항, 40점)","개인정보 입력 금지, 외부 AI 사용 금지(LMS만), 타인 답안 참조 금지",AI 사용 불가,논리성(15점): 주장의 논리적 근거와 구조 | 구체성(13점): 실행 가능한 구체적 방안 제시 | 전략적 사고(8점): 리더 관점의 종합 판단 | 표현력(4점): 명확하고 체계적인 서술,40,"[문항1 방향] 시범 부서 우선 도입 선택. 근거: ①리스크 분산 ②성공 사례 축적→타 부서 수용도 ③교육·지원 집중 ④Quick Win 확보. 핵심 키워드: 파일럿, 단계적, 성공 사례, 리스크
[문항2 방향] ①공감(우려 인정) ②AI는 보조 도구(반복 업무 지원) 설명 ③구체 사례(생산일보 AI 지원→본인은 분석·개선에 집중) ④교육·성장 기회 제시 ⑤챔피언 선정. 핵심: 공감, 보조 도구, 역할 전환, 교육
[문항3 방향] 5가지: ①허용 업무 범위 ②입력 금지 정보(개인정보·영업비밀) ③승인 도구 목록 ④결과물 검토 의무 ⑤보안 사고 대응. 핵심: 범위, 금지, 승인, 검토, 대응","개인정보 포함, 비논리적 주장","3문항 모두 논리적+구체적+전략적, 핵심 키워드 90%+ (85~100점)","2문항 이상 양호, 핵심 키워드 60%+ (65~80점)","1문항만 양호, 핵심 키워드 40%+ (55~65점)","논리성 부족, 핵심 키워드 부재 (55점 미만)",,approved,세트1 서술형,1,,
2,AXIS,L1,part_b,시나리오 서술형,20,"[문항1] 당신은 ㈜나다마트의 DX팀장입니다. 마케팅팀이 ChatGPT를 비공식으로 사용 중입니다. 이를 공식화하기 위해 가장 먼저 해야 할 조치 3가지와 각각의 이유를 서술하세요. (15점)
[문항2] AI 도입 후 CS팀의 응대 품질이 ""기계적이다""라는 고객 불만이 증가했습니다. 원인과 해결 방안을 서술하세요. (13점)
[문항3] AI 도입 ROI를 경영진에게 보고해야 합니다. ROI 산출에 포함할 정량 지표 3가지와 비정량 지표 2가지를 서술하세요. (12점)",,"문항별 서술 (총 3문항, 40점)","개인정보 입력 금지, 외부 AI 사용 금지(LMS만), 타인 답안 참조 금지",AI 사용 불가,논리성(15점): 주장의 논리적 근거와 구조 | 구체성(13점): 실행 가능한 구체적 방안 제시 | 전략적 사고(8점): 리더 관점의 종합 판단 | 표현력(4점): 명확하고 체계적인 서술,40,"[문항1] ①보안 정책 수립(입력 금지 정보) ②승인 도구 목록 지정 ③사용 현황 파악+교육. [문항2] 원인: AI 초안을 그대로 사용→개인 맞춤 부족. 해결: AI 초안+개인 맞춤 편집 교육, 톤 가이드 수립, 검토 프로세스. [문항3] 정량: 시간 절감, 비용 절감, 오류 감소. 비정량: 직원 만족도, 고객 경험 향상.
[산출물] 논리적 근거와 구체적 방안을 포함한 서술형 답안.","개인정보, 비논리적",3문항 모두 양호 (85~100점),2문항 양호 (65~80점),1문항 양호 (55~65점),논리 부족 (55점 미만),,approved,세트2 서술형,1,,
3,AXIS,L1,part_b,시나리오 서술형,20,"[문항1] 당신은 ㈜다라에듀의 운영팀장입니다. AI로 만든 교육 콘텐츠에서 사실 오류가 발견되어 수강생 클레임이 발생했습니다. 원인 분석과 재발 방지 방안을 서술하세요. (15점)
[문항2] 교육개발팀은 AI를 적극 활용하지만, 운영팀은 무관심합니다. 부서 간 격차를 해소하기 위한 구체적 조치를 서술하세요. (13점)
[문항3] AI 생성 교육 콘텐츠의 저작권 관리 정책을 만들어야 합니다. 최소 포함 항목 4가지를 서술하세요. (12점)",,문항별 서술,"개인정보 입력 금지, 외부 AI 사용 금지(LMS만), 타인 답안 참조 금지",AI 사용 불가,논리성(15점): 주장의 논리적 근거와 구조 | 구체성(13점): 실행 가능한 구체적 방안 제시 | 전략적 사고(8점): 리더 관점의 종합 판단 | 표현력(4점): 명확하고 체계적인 서술,40,[문항1] 원인: AI 할루시네이션+검수 미흡. 방지: 팩트체크 체크리스트+전문가 검수 필수+AI 산출물 표시. [문항2] ①격차 원인 진단(역량/의지) ②운영팀 Quick Win(문의 응대 AI) ③성공 사례 공유 ④챔피언 지원. [문항3] ①이용약관 소유권 확인 ②표절 검사 ③출처 명시 ④AI 생성 표시.,"사실 오류 방치, 저작권 무시",3문항 양호 (85~100점),2문항 양호 (65~80점),1문항 양호 (55~65점),논리 부족 (55점 미만),,approved,세트3 서술형,1,,
4,AXIS,L1,part_b,시나리오 서술형,20,"[문항1] 당신은 ㈜라마캐피탈의 기획실장입니다. 금융위원회 감사에서 ""AI 활용 현황과 관리 체계""를 소명해야 합니다. 제출할 문서 5가지와 각각의 핵심 내용을 서술하세요. (15점)
[문항2] 심사팀에서 AI가 생성한 서류 검토 보조 결과를 검증 없이 사용하여 오류가 발생했습니다. 재발 방지를 위한 프로세스 개선 방안을 서술하세요. (13점)
[문항3] AI 도입 1년 후 성과가 기대에 미치지 못합니다. 원인 진단 프레임워크(5가지 관점)를 서술하세요. (12점)",,문항별 서술,"개인정보 입력 금지, 외부 AI 사용 금지(LMS만), 타인 답안 참조 금지",AI 사용 불가,논리성(15점): 주장의 논리적 근거와 구조 | 구체성(13점): 실행 가능한 구체적 방안 제시 | 전략적 사고(8점): 리더 관점의 종합 판단 | 표현력(4점): 명확하고 체계적인 서술,40,[문항1] ①AI 사용 정책 ②승인 도구 목록 ③교육 이력 ④활용 기록(프롬프트·결과·검토) ⑤보안 사고 대응 기록. [문항2] 검증 필수 프로세스: AI 보조→담당자 1차 검토→상급자 승인→활용. 체크리스트 도입. [문항3] ①활용도(사용 빈도·범위) ②프롬프트 품질 ③성과 측정 방법 ④교육 충분성 ⑤도구 적합성.,"금융 데이터 유출, 감사 부실",3문항 양호 (85~100점),2문항 양호 (65~80점),1문항 양호 (55~65점),논리 부족 (55점 미만),,approved,세트4 서술형,1,,
